tox_score,sa_score
0.5057861926398153,0.13386307783338877
0.530520562401066,0.22848497646555488
0.6856879336882866,0.24910085449336034
